algo	raw1	raw2	raw3	T1	T2	T3	Mean
cityhas64	0m56.78	0m55.46	0m54.022	56.78	55.46	54.022	55.4206666666667
clickhouse64	0m57.24	0m51.089	0m58.22 	57.24	51.089	58.22	55.5163333333333
xxhash	1m49.38	1m48.27	2m11.179	109.38	108.27	131.179	116.276333333333
murmur	2m2.93	1m54.43	2m1.99	122.93	114.43	121.99	119.783333333333
md5	4m0.19	3m41	3m34	240.19	221	214	225.063333333333
sha256	5m39.65	5m41.02	5m10	339.65	341.02	310	330.223333333333
